0,Training Loss:,0.00018217999604530632,", Learning rate:",0.0008,", Number of training points (boundary):",4800,", Number of training points (interior):",10000,", VRAM allocated:",0,", VRAM reserved:",0
100,Training Loss:,2.3468290237360634e-05,", Learning rate:",0.0008,", Number of training points (boundary):",4800,", Number of training points (interior):",10000,", VRAM allocated:",0,", VRAM reserved:",0
200,Training Loss:,1.4114306168266921e-06,", Learning rate:",0.0008,", Number of training points (boundary):",4800,", Number of training points (interior):",10000,", VRAM allocated:",0,", VRAM reserved:",0
300,Training Loss:,1.375214992549445e-06,", Learning rate:",0.0008,", Number of training points (boundary):",4800,", Number of training points (interior):",10000,", VRAM allocated:",0,", VRAM reserved:",0
400,Training Loss:,1.355211225018138e-06,", Learning rate:",0.0008,", Number of training points (boundary):",4800,", Number of training points (interior):",10000,", VRAM allocated:",0,", VRAM reserved:",0
500,Training Loss:,1.811176844057627e-05,", Learning rate:",0.0008,", Number of training points (boundary):",4800,", Number of training points (interior):",10000,", VRAM allocated:",0,", VRAM reserved:",0
600,Training Loss:,1.3399862837104592e-06,", Learning rate:",0.0008,", Number of training points (boundary):",4800,", Number of training points (interior):",10000,", VRAM allocated:",0,", VRAM reserved:",0
700,Training Loss:,1.3266095493236207e-06,", Learning rate:",0.0008,", Number of training points (boundary):",4800,", Number of training points (interior):",10000,", VRAM allocated:",0,", VRAM reserved:",0
800,Training Loss:,1.48840240399295e-06,", Learning rate:",0.0008,", Number of training points (boundary):",4800,", Number of training points (interior):",10000,", VRAM allocated:",0,", VRAM reserved:",0
900,Training Loss:,1.3186388514441205e-06,", Learning rate:",0.0008,", Number of training points (boundary):",4800,", Number of training points (interior):",10000,", VRAM allocated:",0,", VRAM reserved:",0
1000,Training Loss:,1.3148436437404598e-06,", Learning rate:",0.0008,", Number of training points (boundary):",4800,", Number of training points (interior):",10000,", VRAM allocated:",0,", VRAM reserved:",0
1100,Training Loss:,1.3127145166436094e-06,", Learning rate:",0.0008,", Number of training points (boundary):",4800,", Number of training points (interior):",10000,", VRAM allocated:",0,", VRAM reserved:",0
1200,Training Loss:,1.311162804995547e-06,", Learning rate:",0.0008,", Number of training points (boundary):",4800,", Number of training points (interior):",10000,", VRAM allocated:",0,", VRAM reserved:",0
1300,Training Loss:,1.3099097486701794e-06,", Learning rate:",0.0008,", Number of training points (boundary):",4800,", Number of training points (interior):",10000,", VRAM allocated:",0,", VRAM reserved:",0
1400,Training Loss:,1.3088438208797015e-06,", Learning rate:",0.0008,", Number of training points (boundary):",4800,", Number of training points (interior):",10000,", VRAM allocated:",0,", VRAM reserved:",0
1500,Training Loss:,1.3079102245683316e-06,", Learning rate:",0.0008,", Number of training points (boundary):",4800,", Number of training points (interior):",10000,", VRAM allocated:",0,", VRAM reserved:",0
1600,Training Loss:,1.3070770137346699e-06,", Learning rate:",0.0008,", Number of training points (boundary):",4800,", Number of training points (interior):",10000,", VRAM allocated:",0,", VRAM reserved:",0
1700,Training Loss:,1.306322246819036e-06,", Learning rate:",0.0008,", Number of training points (boundary):",4800,", Number of training points (interior):",10000,", VRAM allocated:",0,", VRAM reserved:",0
1800,Training Loss:,1.3056294392299606e-06,", Learning rate:",0.0008,", Number of training points (boundary):",4800,", Number of training points (interior):",10000,", VRAM allocated:",0,", VRAM reserved:",0
1900,Training Loss:,1.3049854032942676e-06,", Learning rate:",0.0008,", Number of training points (boundary):",4800,", Number of training points (interior):",10000,", VRAM allocated:",0,", VRAM reserved:",0
2000,Training Loss:,1.3043794524492114e-06,", Learning rate:",0.0008,", Number of training points (boundary):",4800,", Number of training points (interior):",10000,", VRAM allocated:",0,", VRAM reserved:",0
2100,Training Loss:,1.3038028328082873e-06,", Learning rate:",0.0008,", Number of training points (boundary):",4800,", Number of training points (interior):",10000,", VRAM allocated:",0,", VRAM reserved:",0
2200,Training Loss:,1.3032476999796927e-06,", Learning rate:",0.0008,", Number of training points (boundary):",4800,", Number of training points (interior):",10000,", VRAM allocated:",0,", VRAM reserved:",0
2300,Training Loss:,1.3027075738136773e-06,", Learning rate:",0.0008,", Number of training points (boundary):",4800,", Number of training points (interior):",10000,", VRAM allocated:",0,", VRAM reserved:",0
2400,Training Loss:,1.3021765425946796e-06,", Learning rate:",0.0008,", Number of training points (boundary):",4800,", Number of training points (interior):",10000,", VRAM allocated:",0,", VRAM reserved:",0
2500,Training Loss:,1.3016490356676513e-06,", Learning rate:",0.0008,", Number of training points (boundary):",4800,", Number of training points (interior):",10000,", VRAM allocated:",0,", VRAM reserved:",0
2600,Training Loss:,1.3011206192459213e-06,", Learning rate:",0.0008,", Number of training points (boundary):",4800,", Number of training points (interior):",10000,", VRAM allocated:",0,", VRAM reserved:",0
2700,Training Loss:,1.3005862911086297e-06,", Learning rate:",0.0008,", Number of training points (boundary):",4800,", Number of training points (interior):",10000,", VRAM allocated:",0,", VRAM reserved:",0
2800,Training Loss:,1.3000412764085922e-06,", Learning rate:",0.0008,", Number of training points (boundary):",4800,", Number of training points (interior):",10000,", VRAM allocated:",0,", VRAM reserved:",0
2900,Training Loss:,1.2994817097933264e-06,", Learning rate:",0.0008,", Number of training points (boundary):",4800,", Number of training points (interior):",10000,", VRAM allocated:",0,", VRAM reserved:",0
3000,Training Loss:,1.2989025890419725e-06,", Learning rate:",0.0008,", Number of training points (boundary):",4800,", Number of training points (interior):",10000,", VRAM allocated:",0,", VRAM reserved:",0
3100,Training Loss:,1.2982989119336708e-06,", Learning rate:",0.0008,", Number of training points (boundary):",4800,", Number of training points (interior):",10000,", VRAM allocated:",0,", VRAM reserved:",0
3200,Training Loss:,1.297665448873886e-06,", Learning rate:",0.0008,", Number of training points (boundary):",4800,", Number of training points (interior):",10000,", VRAM allocated:",0,", VRAM reserved:",0
3300,Training Loss:,1.2969964018338942e-06,", Learning rate:",0.0008,", Number of training points (boundary):",4800,", Number of training points (interior):",10000,", VRAM allocated:",0,", VRAM reserved:",0
3400,Training Loss:,1.296285518037621e-06,", Learning rate:",0.0008,", Number of training points (boundary):",4800,", Number of training points (interior):",10000,", VRAM allocated:",0,", VRAM reserved:",0
3500,Training Loss:,1.34141532726062e-06,", Learning rate:",0.0008,", Number of training points (boundary):",4800,", Number of training points (interior):",10000,", VRAM allocated:",0,", VRAM reserved:",0
3600,Training Loss:,1.2993841664865613e-06,", Learning rate:",0.0008,", Number of training points (boundary):",4800,", Number of training points (interior):",10000,", VRAM allocated:",0,", VRAM reserved:",0
3700,Training Loss:,1.2977852748008445e-06,", Learning rate:",0.0008,", Number of training points (boundary):",4800,", Number of training points (interior):",10000,", VRAM allocated:",0,", VRAM reserved:",0
3800,Training Loss:,1.296580762755184e-06,", Learning rate:",0.0008,", Number of training points (boundary):",4800,", Number of training points (interior):",10000,", VRAM allocated:",0,", VRAM reserved:",0
3900,Training Loss:,1.2954867543157889e-06,", Learning rate:",0.0008,", Number of training points (boundary):",4800,", Number of training points (interior):",10000,", VRAM allocated:",0,", VRAM reserved:",0
4000,Training Loss:,1.2944011587023851e-06,", Learning rate:",0.0008,", Number of training points (boundary):",4800,", Number of training points (interior):",10000,", VRAM allocated:",0,", VRAM reserved:",0
4100,Training Loss:,1.2932714525959454e-06,", Learning rate:",0.0008,", Number of training points (boundary):",4800,", Number of training points (interior):",10000,", VRAM allocated:",0,", VRAM reserved:",0
4200,Training Loss:,1.2920635299451533e-06,", Learning rate:",0.0008,", Number of training points (boundary):",4800,", Number of training points (interior):",10000,", VRAM allocated:",0,", VRAM reserved:",0
4300,Training Loss:,1.2907496511616046e-06,", Learning rate:",0.0008,", Number of training points (boundary):",4800,", Number of training points (interior):",10000,", VRAM allocated:",0,", VRAM reserved:",0
4400,Training Loss:,1.3034537005296443e-06,", Learning rate:",0.0008,", Number of training points (boundary):",4800,", Number of training points (interior):",10000,", VRAM allocated:",0,", VRAM reserved:",0
4500,Training Loss:,1.295873857998231e-06,", Learning rate:",0.0008,", Number of training points (boundary):",4800,", Number of training points (interior):",10000,", VRAM allocated:",0,", VRAM reserved:",0
4600,Training Loss:,1.2929584727316978e-06,", Learning rate:",0.0008,", Number of training points (boundary):",4800,", Number of training points (interior):",10000,", VRAM allocated:",0,", VRAM reserved:",0
4700,Training Loss:,1.2906840538562392e-06,", Learning rate:",0.0008,", Number of training points (boundary):",4800,", Number of training points (interior):",10000,", VRAM allocated:",0,", VRAM reserved:",0
4800,Training Loss:,1.2885227533843135e-06,", Learning rate:",0.0008,", Number of training points (boundary):",4800,", Number of training points (interior):",10000,", VRAM allocated:",0,", VRAM reserved:",0
4900,Training Loss:,1.3265492952996283e-06,", Learning rate:",0.0008,", Number of training points (boundary):",4800,", Number of training points (interior):",10000,", VRAM allocated:",0,", VRAM reserved:",0
5000,Training Loss:,1.2943850151714287e-06,", Learning rate:",0.0008,", Number of training points (boundary):",4800,", Number of training points (interior):",10000,", VRAM allocated:",0,", VRAM reserved:",0
5100,Training Loss:,1.290198156311817e-06,", Learning rate:",0.0008,", Number of training points (boundary):",4800,", Number of training points (interior):",10000,", VRAM allocated:",0,", VRAM reserved:",0
5200,Training Loss:,1.2869252259406494e-06,", Learning rate:",0.0008,", Number of training points (boundary):",4800,", Number of training points (interior):",10000,", VRAM allocated:",0,", VRAM reserved:",0
5300,Training Loss:,1.2837400618082029e-06,", Learning rate:",0.0008,", Number of training points (boundary):",4800,", Number of training points (interior):",10000,", VRAM allocated:",0,", VRAM reserved:",0
5400,Training Loss:,1.8913070789494668e-06,", Learning rate:",0.0008,", Number of training points (boundary):",4800,", Number of training points (interior):",10000,", VRAM allocated:",0,", VRAM reserved:",0
5500,Training Loss:,0.09788990020751953,", Learning rate:",0.0008,", Number of training points (boundary):",4800,", Number of training points (interior):",10000,", VRAM allocated:",0,", VRAM reserved:",0
5600,Training Loss:,0.0022323145531117916,", Learning rate:",0.0008,", Number of training points (boundary):",4800,", Number of training points (interior):",10000,", VRAM allocated:",0,", VRAM reserved:",0
5700,Training Loss:,0.0009434336097911,", Learning rate:",0.0008,", Number of training points (boundary):",4800,", Number of training points (interior):",10000,", VRAM allocated:",0,", VRAM reserved:",0
5800,Training Loss:,0.0005896586226299405,", Learning rate:",0.0008,", Number of training points (boundary):",4800,", Number of training points (interior):",10000,", VRAM allocated:",0,", VRAM reserved:",0
5900,Training Loss:,0.00042026781011372805,", Learning rate:",0.0008,", Number of training points (boundary):",4800,", Number of training points (interior):",10000,", VRAM allocated:",0,", VRAM reserved:",0
6000,Training Loss:,0.00032129939063452184,", Learning rate:",0.0008,", Number of training points (boundary):",4800,", Number of training points (interior):",10000,", VRAM allocated:",0,", VRAM reserved:",0
6100,Training Loss:,0.0002556459221523255,", Learning rate:",0.0008,", Number of training points (boundary):",4800,", Number of training points (interior):",10000,", VRAM allocated:",0,", VRAM reserved:",0
6200,Training Loss:,0.00020911800675094128,", Learning rate:",0.0008,", Number of training points (boundary):",4800,", Number of training points (interior):",10000,", VRAM allocated:",0,", VRAM reserved:",0
6300,Training Loss:,0.000174976114067249,", Learning rate:",0.0008,", Number of training points (boundary):",4800,", Number of training points (interior):",10000,", VRAM allocated:",0,", VRAM reserved:",0
6400,Training Loss:,0.00014925877621863037,", Learning rate:",0.0008,", Number of training points (boundary):",4800,", Number of training points (interior):",10000,", VRAM allocated:",0,", VRAM reserved:",0
6500,Training Loss:,0.0001294011017307639,", Learning rate:",0.0008,", Number of training points (boundary):",4800,", Number of training points (interior):",10000,", VRAM allocated:",0,", VRAM reserved:",0
6600,Training Loss:,0.00011366217950126156,", Learning rate:",0.0008,", Number of training points (boundary):",4800,", Number of training points (interior):",10000,", VRAM allocated:",0,", VRAM reserved:",0
6700,Training Loss:,0.00010086294787470251,", Learning rate:",0.0008,", Number of training points (boundary):",4800,", Number of training points (interior):",10000,", VRAM allocated:",0,", VRAM reserved:",0
6800,Training Loss:,9.022667654789984e-05,", Learning rate:",0.0008,", Number of training points (boundary):",4800,", Number of training points (interior):",10000,", VRAM allocated:",0,", VRAM reserved:",0
6900,Training Loss:,8.123904990497977e-05,", Learning rate:",0.0008,", Number of training points (boundary):",4800,", Number of training points (interior):",10000,", VRAM allocated:",0,", VRAM reserved:",0
7000,Training Loss:,7.354620174737647e-05,", Learning rate:",0.0008,", Number of training points (boundary):",4800,", Number of training points (interior):",10000,", VRAM allocated:",0,", VRAM reserved:",0
7100,Training Loss:,6.6893917392008e-05,", Learning rate:",0.0008,", Number of training points (boundary):",4800,", Number of training points (interior):",10000,", VRAM allocated:",0,", VRAM reserved:",0
7200,Training Loss:,6.109246896812692e-05,", Learning rate:",0.0008,", Number of training points (boundary):",4800,", Number of training points (interior):",10000,", VRAM allocated:",0,", VRAM reserved:",0
7300,Training Loss:,5.5995951697696e-05,", Learning rate:",0.0008,", Number of training points (boundary):",4800,", Number of training points (interior):",10000,", VRAM allocated:",0,", VRAM reserved:",0
7400,Training Loss:,5.148975469637662e-05,", Learning rate:",0.0008,", Number of training points (boundary):",4800,", Number of training points (interior):",10000,", VRAM allocated:",0,", VRAM reserved:",0
7500,Training Loss:,4.748197170556523e-05,", Learning rate:",0.0008,", Number of training points (boundary):",4800,", Number of training points (interior):",10000,", VRAM allocated:",0,", VRAM reserved:",0
7600,Training Loss:,4.389865353005007e-05,", Learning rate:",0.0008,", Number of training points (boundary):",4800,", Number of training points (interior):",10000,", VRAM allocated:",0,", VRAM reserved:",0
7700,Training Loss:,4.0679689846001565e-05,", Learning rate:",0.0008,", Number of training points (boundary):",4800,", Number of training points (interior):",10000,", VRAM allocated:",0,", VRAM reserved:",0
7800,Training Loss:,3.777569509111345e-05,", Learning rate:",0.0008,", Number of training points (boundary):",4800,", Number of training points (interior):",10000,", VRAM allocated:",0,", VRAM reserved:",0
7900,Training Loss:,3.514528361847624e-05,", Learning rate:",0.0008,", Number of training points (boundary):",4800,", Number of training points (interior):",10000,", VRAM allocated:",0,", VRAM reserved:",0
8000,Training Loss:,3.275435301475227e-05,", Learning rate:",0.0008,", Number of training points (boundary):",4800,", Number of training points (interior):",10000,", VRAM allocated:",0,", VRAM reserved:",0
8100,Training Loss:,3.057422873098403e-05,", Learning rate:",0.0008,", Number of training points (boundary):",4800,", Number of training points (interior):",10000,", VRAM allocated:",0,", VRAM reserved:",0
8200,Training Loss:,2.858048173948191e-05,", Learning rate:",0.0008,", Number of training points (boundary):",4800,", Number of training points (interior):",10000,", VRAM allocated:",0,", VRAM reserved:",0
8300,Training Loss:,2.6752208214020357e-05,", Learning rate:",0.0008,", Number of training points (boundary):",4800,", Number of training points (interior):",10000,", VRAM allocated:",0,", VRAM reserved:",0
8400,Training Loss:,2.5071600248338655e-05,", Learning rate:",0.0008,", Number of training points (boundary):",4800,", Number of training points (interior):",10000,", VRAM allocated:",0,", VRAM reserved:",0
8500,Training Loss:,2.3523251002188772e-05,", Learning rate:",0.0008,", Number of training points (boundary):",4800,", Number of training points (interior):",10000,", VRAM allocated:",0,", VRAM reserved:",0
8600,Training Loss:,2.209378180850763e-05,", Learning rate:",0.0008,", Number of training points (boundary):",4800,", Number of training points (interior):",10000,", VRAM allocated:",0,", VRAM reserved:",0
8700,Training Loss:,2.0771523850271478e-05,", Learning rate:",0.0008,", Number of training points (boundary):",4800,", Number of training points (interior):",10000,", VRAM allocated:",0,", VRAM reserved:",0
8800,Training Loss:,1.954593972186558e-05,", Learning rate:",0.0008,", Number of training points (boundary):",4800,", Number of training points (interior):",10000,", VRAM allocated:",0,", VRAM reserved:",0
8900,Training Loss:,1.8408154573990032e-05,", Learning rate:",0.0008,", Number of training points (boundary):",4800,", Number of training points (interior):",10000,", VRAM allocated:",0,", VRAM reserved:",0
9000,Training Loss:,1.7350310372421518e-05,", Learning rate:",0.0008,", Number of training points (boundary):",4800,", Number of training points (interior):",10000,", VRAM allocated:",0,", VRAM reserved:",0
9100,Training Loss:,1.6365363990189508e-05,", Learning rate:",0.0008,", Number of training points (boundary):",4800,", Number of training points (interior):",10000,", VRAM allocated:",0,", VRAM reserved:",0
9200,Training Loss:,1.5447152691194788e-05,", Learning rate:",0.0008,", Number of training points (boundary):",4800,", Number of training points (interior):",10000,", VRAM allocated:",0,", VRAM reserved:",0
9300,Training Loss:,1.4589960301236715e-05,", Learning rate:",0.0008,", Number of training points (boundary):",4800,", Number of training points (interior):",10000,", VRAM allocated:",0,", VRAM reserved:",0
9400,Training Loss:,1.3788981050311122e-05,", Learning rate:",0.0008,", Number of training points (boundary):",4800,", Number of training points (interior):",10000,", VRAM allocated:",0,", VRAM reserved:",0
9500,Training Loss:,1.3039678378845565e-05,", Learning rate:",0.0008,", Number of training points (boundary):",4800,", Number of training points (interior):",10000,", VRAM allocated:",0,", VRAM reserved:",0
9600,Training Loss:,1.2337999578448944e-05,", Learning rate:",0.0008,", Number of training points (boundary):",4800,", Number of training points (interior):",10000,", VRAM allocated:",0,", VRAM reserved:",0
9700,Training Loss:,1.1680273019010201e-05,", Learning rate:",0.0008,", Number of training points (boundary):",4800,", Number of training points (interior):",10000,", VRAM allocated:",0,", VRAM reserved:",0
9800,Training Loss:,1.129627344198525e-05,", Learning rate:",0.0008,", Number of training points (boundary):",4800,", Number of training points (interior):",10000,", VRAM allocated:",0,", VRAM reserved:",0
9900,Training Loss:,1.0488142834219616e-05,", Learning rate:",0.0008,", Number of training points (boundary):",4800,", Number of training points (interior):",10000,", VRAM allocated:",0,", VRAM reserved:",0
