Epoch:,0,Training Loss:,8.599831216030614, Learning rate:,0.0033, Number of training points (boundary):,3498, Number of training points (interior):,24998, VRAM allocated:,93068288, VRAM reserved:,29100081152
Epoch:,100,Training Loss:,8.611628325418224, Learning rate:,9.9e-05, Number of training points (boundary):,3498, Number of training points (interior):,24998, VRAM allocated:,93068288, VRAM reserved:,29100081152
Epoch:,200,Training Loss:,8.611610215527937, Learning rate:,9.9e-05, Number of training points (boundary):,3498, Number of training points (interior):,24998, VRAM allocated:,93068288, VRAM reserved:,29100081152
Epoch:,300,Training Loss:,8.611606824427977, Learning rate:,9.9e-05, Number of training points (boundary):,3498, Number of training points (interior):,24998, VRAM allocated:,93068288, VRAM reserved:,29100081152
Epoch:,400,Training Loss:,8.611603434696026, Learning rate:,9.9e-05, Number of training points (boundary):,3498, Number of training points (interior):,24998, VRAM allocated:,93068288, VRAM reserved:,29100081152
Epoch:,500,Training Loss:,8.611600045889569, Learning rate:,9.9e-05, Number of training points (boundary):,3498, Number of training points (interior):,24998, VRAM allocated:,93068288, VRAM reserved:,29100081152
Epoch:,600,Training Loss:,8.611596658008173, Learning rate:,9.9e-05, Number of training points (boundary):,3498, Number of training points (interior):,24998, VRAM allocated:,93068288, VRAM reserved:,29100081152
Epoch:,700,Training Loss:,8.611593271051404, Learning rate:,9.9e-05, Number of training points (boundary):,3498, Number of training points (interior):,24998, VRAM allocated:,93068288, VRAM reserved:,29100081152
Epoch:,800,Training Loss:,8.61158988501885, Learning rate:,9.9e-05, Number of training points (boundary):,3498, Number of training points (interior):,24998, VRAM allocated:,93068288, VRAM reserved:,29100081152
Epoch:,900,Training Loss:,8.611586499910079, Learning rate:,9.9e-05, Number of training points (boundary):,3498, Number of training points (interior):,24998, VRAM allocated:,93068288, VRAM reserved:,29100081152
Epoch:,1000,Training Loss:,8.61158311572467, Learning rate:,9.405e-05, Number of training points (boundary):,3498, Number of training points (interior):,24998, VRAM allocated:,93068288, VRAM reserved:,29100081152
Epoch:,1100,Training Loss:,8.611579901603495, Learning rate:,9.405e-05, Number of training points (boundary):,3498, Number of training points (interior):,24998, VRAM allocated:,93068288, VRAM reserved:,29100081152
Epoch:,1200,Training Loss:,8.611576688314905, Learning rate:,9.405e-05, Number of training points (boundary):,3498, Number of training points (interior):,24998, VRAM allocated:,93068288, VRAM reserved:,29100081152
Epoch:,1300,Training Loss:,8.611573475858545, Learning rate:,9.405e-05, Number of training points (boundary):,3498, Number of training points (interior):,24998, VRAM allocated:,93068288, VRAM reserved:,29100081152
Epoch:,1400,Training Loss:,8.611570264234054, Learning rate:,9.405e-05, Number of training points (boundary):,3498, Number of training points (interior):,24998, VRAM allocated:,93068288, VRAM reserved:,29100081152
Epoch:,1500,Training Loss:,8.611567053441064, Learning rate:,9.405e-05, Number of training points (boundary):,3498, Number of training points (interior):,24998, VRAM allocated:,93068288, VRAM reserved:,29100081152
Epoch:,1600,Training Loss:,8.611563843479217, Learning rate:,9.405e-05, Number of training points (boundary):,3498, Number of training points (interior):,24998, VRAM allocated:,93068288, VRAM reserved:,29100081152
Epoch:,1700,Training Loss:,8.611560634348155, Learning rate:,9.405e-05, Number of training points (boundary):,3498, Number of training points (interior):,24998, VRAM allocated:,93068288, VRAM reserved:,29100081152
Epoch:,1800,Training Loss:,8.61155742604751, Learning rate:,9.405e-05, Number of training points (boundary):,3498, Number of training points (interior):,24998, VRAM allocated:,93068288, VRAM reserved:,29100081152
Epoch:,1900,Training Loss:,8.611554218576924, Learning rate:,9.405e-05, Number of training points (boundary):,3498, Number of training points (interior):,24998, VRAM allocated:,93068288, VRAM reserved:,29100081152
Epoch:,2000,Training Loss:,8.611551011936038, Learning rate:,8.934749999999999e-05, Number of training points (boundary):,3498, Number of training points (interior):,24998, VRAM allocated:,93068288, VRAM reserved:,29100081152
Epoch:,2100,Training Loss:,8.611547966395447, Learning rate:,8.934749999999999e-05, Number of training points (boundary):,3498, Number of training points (interior):,24998, VRAM allocated:,93068288, VRAM reserved:,29100081152
Epoch:,2200,Training Loss:,8.611544921603024, Learning rate:,8.934749999999999e-05, Number of training points (boundary):,3498, Number of training points (interior):,24998, VRAM allocated:,93068288, VRAM reserved:,29100081152
Epoch:,2300,Training Loss:,8.61154187755846, Learning rate:,8.934749999999999e-05, Number of training points (boundary):,3498, Number of training points (interior):,24998, VRAM allocated:,93068288, VRAM reserved:,29100081152
Epoch:,2400,Training Loss:,8.611538834261449, Learning rate:,8.934749999999999e-05, Number of training points (boundary):,3498, Number of training points (interior):,24998, VRAM allocated:,93068288, VRAM reserved:,29100081152
Epoch:,2500,Training Loss:,8.611535791711676, Learning rate:,8.934749999999999e-05, Number of training points (boundary):,3498, Number of training points (interior):,24998, VRAM allocated:,93068288, VRAM reserved:,29100081152
Epoch:,2600,Training Loss:,8.611532749908838, Learning rate:,8.934749999999999e-05, Number of training points (boundary):,3498, Number of training points (interior):,24998, VRAM allocated:,93068288, VRAM reserved:,29100081152
Epoch:,2700,Training Loss:,8.611529708852625, Learning rate:,8.934749999999999e-05, Number of training points (boundary):,3498, Number of training points (interior):,24998, VRAM allocated:,93068288, VRAM reserved:,29100081152
Epoch:,2800,Training Loss:,8.61152666854273, Learning rate:,8.934749999999999e-05, Number of training points (boundary):,3498, Number of training points (interior):,24998, VRAM allocated:,93068288, VRAM reserved:,29100081152
Epoch:,2900,Training Loss:,8.611523628978844, Learning rate:,8.934749999999999e-05, Number of training points (boundary):,3498, Number of training points (interior):,24998, VRAM allocated:,93068288, VRAM reserved:,29100081152
Epoch:,3000,Training Loss:,8.61152059016066, Learning rate:,8.488012499999999e-05, Number of training points (boundary):,3498, Number of training points (interior):,24998, VRAM allocated:,93068288, VRAM reserved:,29100081152
Epoch:,3100,Training Loss:,8.611517703973878, Learning rate:,8.488012499999999e-05, Number of training points (boundary):,3498, Number of training points (interior):,24998, VRAM allocated:,93068288, VRAM reserved:,29100081152
Epoch:,3200,Training Loss:,8.611514818459547, Learning rate:,8.488012499999999e-05, Number of training points (boundary):,3498, Number of training points (interior):,24998, VRAM allocated:,93068288, VRAM reserved:,29100081152
Epoch:,3300,Training Loss:,8.611511933617408, Learning rate:,8.488012499999999e-05, Number of training points (boundary):,3498, Number of training points (interior):,24998, VRAM allocated:,93068288, VRAM reserved:,29100081152
Epoch:,3400,Training Loss:,8.611509049447196, Learning rate:,8.488012499999999e-05, Number of training points (boundary):,3498, Number of training points (interior):,24998, VRAM allocated:,93068288, VRAM reserved:,29100081152
Epoch:,3500,Training Loss:,8.611506165948649, Learning rate:,8.488012499999999e-05, Number of training points (boundary):,3498, Number of training points (interior):,24998, VRAM allocated:,93068288, VRAM reserved:,29100081152
Epoch:,3600,Training Loss:,8.611503283121506, Learning rate:,8.488012499999999e-05, Number of training points (boundary):,3498, Number of training points (interior):,24998, VRAM allocated:,93068288, VRAM reserved:,29100081152
Epoch:,3700,Training Loss:,8.611500400965499, Learning rate:,8.488012499999999e-05, Number of training points (boundary):,3498, Number of training points (interior):,24998, VRAM allocated:,93068288, VRAM reserved:,29100081152
Epoch:,3800,Training Loss:,8.611497519480368, Learning rate:,8.488012499999999e-05, Number of training points (boundary):,3498, Number of training points (interior):,24998, VRAM allocated:,93068288, VRAM reserved:,29100081152
Epoch:,3900,Training Loss:,8.61149463866585, Learning rate:,8.488012499999999e-05, Number of training points (boundary):,3498, Number of training points (interior):,24998, VRAM allocated:,93068288, VRAM reserved:,29100081152
Epoch:,4000,Training Loss:,8.611491758521684, Learning rate:,8.063611874999999e-05, Number of training points (boundary):,3498, Number of training points (interior):,24998, VRAM allocated:,93068288, VRAM reserved:,29100081152
Epoch:,4100,Training Loss:,8.611489023005458, Learning rate:,8.063611874999999e-05, Number of training points (boundary):,3498, Number of training points (interior):,24998, VRAM allocated:,93068288, VRAM reserved:,29100081152
Epoch:,4200,Training Loss:,8.61148628809376, Learning rate:,8.063611874999999e-05, Number of training points (boundary):,3498, Number of training points (interior):,24998, VRAM allocated:,93068288, VRAM reserved:,29100081152
Epoch:,4300,Training Loss:,8.611483553786366, Learning rate:,8.063611874999999e-05, Number of training points (boundary):,3498, Number of training points (interior):,24998, VRAM allocated:,93068288, VRAM reserved:,29100081152
Epoch:,4400,Training Loss:,8.611480820083054, Learning rate:,8.063611874999999e-05, Number of training points (boundary):,3498, Number of training points (interior):,24998, VRAM allocated:,93068288, VRAM reserved:,29100081152
Epoch:,4500,Training Loss:,8.611478086983597, Learning rate:,8.063611874999999e-05, Number of training points (boundary):,3498, Number of training points (interior):,24998, VRAM allocated:,93068288, VRAM reserved:,29100081152
Epoch:,4600,Training Loss:,8.611475354487771, Learning rate:,8.063611874999999e-05, Number of training points (boundary):,3498, Number of training points (interior):,24998, VRAM allocated:,93068288, VRAM reserved:,29100081152
Epoch:,4700,Training Loss:,8.611472622595352, Learning rate:,8.063611874999999e-05, Number of training points (boundary):,3498, Number of training points (interior):,24998, VRAM allocated:,93068288, VRAM reserved:,29100081152
Epoch:,4800,Training Loss:,8.611469891306118, Learning rate:,8.063611874999999e-05, Number of training points (boundary):,3498, Number of training points (interior):,24998, VRAM allocated:,93068288, VRAM reserved:,29100081152
Epoch:,4900,Training Loss:,8.611467160619839, Learning rate:,8.063611874999999e-05, Number of training points (boundary):,3498, Number of training points (interior):,24998, VRAM allocated:,93068288, VRAM reserved:,29100081152
Epoch:,5000,Training Loss:,8.6114644305363, Learning rate:,8.063611874999999e-05, Number of training points (boundary):,3498, Number of training points (interior):,24998, VRAM allocated:,93068288, VRAM reserved:,29100081152
Epoch:,5100,Training Loss:,8.611461701055267, Learning rate:,8.063611874999999e-05, Number of training points (boundary):,3498, Number of training points (interior):,24998, VRAM allocated:,93068288, VRAM reserved:,29100081152
Epoch:,5200,Training Loss:,8.611458972176521, Learning rate:,8.063611874999999e-05, Number of training points (boundary):,3498, Number of training points (interior):,24998, VRAM allocated:,93068288, VRAM reserved:,29100081152
Epoch:,5300,Training Loss:,8.61145624389984, Learning rate:,8.063611874999999e-05, Number of training points (boundary):,3498, Number of training points (interior):,24998, VRAM allocated:,93068288, VRAM reserved:,29100081152
Epoch:,5400,Training Loss:,8.611453516224998, Learning rate:,8.063611874999999e-05, Number of training points (boundary):,3498, Number of training points (interior):,24998, VRAM allocated:,93068288, VRAM reserved:,29100081152
Epoch:,5500,Training Loss:,8.611450789151775, Learning rate:,8.063611874999999e-05, Number of training points (boundary):,3498, Number of training points (interior):,24998, VRAM allocated:,93068288, VRAM reserved:,29100081152
Epoch:,5600,Training Loss:,8.61144806267994, Learning rate:,8.063611874999999e-05, Number of training points (boundary):,3498, Number of training points (interior):,24998, VRAM allocated:,93068288, VRAM reserved:,29100081152
Epoch:,5700,Training Loss:,8.611445336809277, Learning rate:,8.063611874999999e-05, Number of training points (boundary):,3498, Number of training points (interior):,24998, VRAM allocated:,93068288, VRAM reserved:,29100081152
Epoch:,5800,Training Loss:,8.611442611539559, Learning rate:,8.063611874999999e-05, Number of training points (boundary):,3498, Number of training points (interior):,24998, VRAM allocated:,93068288, VRAM reserved:,29100081152
Epoch:,5900,Training Loss:,8.611439886870565, Learning rate:,8.063611874999999e-05, Number of training points (boundary):,3498, Number of training points (interior):,24998, VRAM allocated:,93068288, VRAM reserved:,29100081152
Epoch:,6000,Training Loss:,8.611437162802074, Learning rate:,8.063611874999999e-05, Number of training points (boundary):,3498, Number of training points (interior):,24998, VRAM allocated:,93068288, VRAM reserved:,29100081152
Epoch:,6100,Training Loss:,8.611434439333857, Learning rate:,8.063611874999999e-05, Number of training points (boundary):,3498, Number of training points (interior):,24998, VRAM allocated:,93068288, VRAM reserved:,29100081152
Epoch:,6200,Training Loss:,8.611431716465697, Learning rate:,8.063611874999999e-05, Number of training points (boundary):,3498, Number of training points (interior):,24998, VRAM allocated:,93068288, VRAM reserved:,29100081152
Epoch:,6300,Training Loss:,8.61142899419737, Learning rate:,8.063611874999999e-05, Number of training points (boundary):,3498, Number of training points (interior):,24998, VRAM allocated:,93068288, VRAM reserved:,29100081152
Epoch:,6400,Training Loss:,8.61142627252865, Learning rate:,8.063611874999999e-05, Number of training points (boundary):,3498, Number of training points (interior):,24998, VRAM allocated:,93068288, VRAM reserved:,29100081152
Epoch:,6500,Training Loss:,8.61142355145932, Learning rate:,8.063611874999999e-05, Number of training points (boundary):,3498, Number of training points (interior):,24998, VRAM allocated:,93068288, VRAM reserved:,29100081152
Epoch:,6600,Training Loss:,8.611420830989152, Learning rate:,8.063611874999999e-05, Number of training points (boundary):,3498, Number of training points (interior):,24998, VRAM allocated:,93068288, VRAM reserved:,29100081152
Epoch:,6700,Training Loss:,8.611418111117928, Learning rate:,8.063611874999999e-05, Number of training points (boundary):,3498, Number of training points (interior):,24998, VRAM allocated:,93068288, VRAM reserved:,29100081152
Epoch:,6800,Training Loss:,8.611415391845425, Learning rate:,8.063611874999999e-05, Number of training points (boundary):,3498, Number of training points (interior):,24998, VRAM allocated:,93068288, VRAM reserved:,29100081152
Epoch:,6900,Training Loss:,8.611412673171419, Learning rate:,8.063611874999999e-05, Number of training points (boundary):,3498, Number of training points (interior):,24998, VRAM allocated:,93068288, VRAM reserved:,29100081152
Epoch:,7000,Training Loss:,8.611409955095692, Learning rate:,8.063611874999999e-05, Number of training points (boundary):,3498, Number of training points (interior):,24998, VRAM allocated:,93068288, VRAM reserved:,29100081152
Epoch:,7100,Training Loss:,8.61140723761802, Learning rate:,8.063611874999999e-05, Number of training points (boundary):,3498, Number of training points (interior):,24998, VRAM allocated:,93068288, VRAM reserved:,29100081152
Epoch:,7200,Training Loss:,8.611404520738182, Learning rate:,8.063611874999999e-05, Number of training points (boundary):,3498, Number of training points (interior):,24998, VRAM allocated:,93068288, VRAM reserved:,29100081152
Epoch:,7300,Training Loss:,8.611401804455953, Learning rate:,8.063611874999999e-05, Number of training points (boundary):,3498, Number of training points (interior):,24998, VRAM allocated:,93068288, VRAM reserved:,29100081152
Epoch:,7400,Training Loss:,8.611399088771115, Learning rate:,8.063611874999999e-05, Number of training points (boundary):,3498, Number of training points (interior):,24998, VRAM allocated:,93068288, VRAM reserved:,29100081152
Epoch:,7500,Training Loss:,8.611396373683448, Learning rate:,8.063611874999999e-05, Number of training points (boundary):,3498, Number of training points (interior):,24998, VRAM allocated:,93068288, VRAM reserved:,29100081152
Epoch:,7600,Training Loss:,8.611393659192727, Learning rate:,8.063611874999999e-05, Number of training points (boundary):,3498, Number of training points (interior):,24998, VRAM allocated:,93068288, VRAM reserved:,29100081152
Epoch:,7700,Training Loss:,8.611390945298734, Learning rate:,8.063611874999999e-05, Number of training points (boundary):,3498, Number of training points (interior):,24998, VRAM allocated:,93068288, VRAM reserved:,29100081152
Epoch:,7800,Training Loss:,8.611388232001246, Learning rate:,8.063611874999999e-05, Number of training points (boundary):,3498, Number of training points (interior):,24998, VRAM allocated:,93068288, VRAM reserved:,29100081152
Epoch:,7900,Training Loss:,8.611385519300041, Learning rate:,8.063611874999999e-05, Number of training points (boundary):,3498, Number of training points (interior):,24998, VRAM allocated:,93068288, VRAM reserved:,29100081152
Epoch:,8000,Training Loss:,8.611382807194902, Learning rate:,8.063611874999999e-05, Number of training points (boundary):,3498, Number of training points (interior):,24998, VRAM allocated:,93068288, VRAM reserved:,29100081152
Epoch:,8100,Training Loss:,8.611380095685606, Learning rate:,8.063611874999999e-05, Number of training points (boundary):,3498, Number of training points (interior):,24998, VRAM allocated:,93068288, VRAM reserved:,29100081152
Epoch:,8200,Training Loss:,8.61137738477193, Learning rate:,8.063611874999999e-05, Number of training points (boundary):,3498, Number of training points (interior):,24998, VRAM allocated:,93068288, VRAM reserved:,29100081152
Epoch:,8300,Training Loss:,8.611374674453659, Learning rate:,8.063611874999999e-05, Number of training points (boundary):,3498, Number of training points (interior):,24998, VRAM allocated:,93068288, VRAM reserved:,29100081152
Epoch:,8400,Training Loss:,8.61137196473057, Learning rate:,8.063611874999999e-05, Number of training points (boundary):,3498, Number of training points (interior):,24998, VRAM allocated:,93068288, VRAM reserved:,29100081152
Epoch:,8500,Training Loss:,8.611369255602439, Learning rate:,8.063611874999999e-05, Number of training points (boundary):,3498, Number of training points (interior):,24998, VRAM allocated:,93068288, VRAM reserved:,29100081152
Epoch:,8600,Training Loss:,8.611366547069052, Learning rate:,8.063611874999999e-05, Number of training points (boundary):,3498, Number of training points (interior):,24998, VRAM allocated:,93068288, VRAM reserved:,29100081152
Epoch:,8700,Training Loss:,8.611363839130187, Learning rate:,8.063611874999999e-05, Number of training points (boundary):,3498, Number of training points (interior):,24998, VRAM allocated:,93068288, VRAM reserved:,29100081152
Epoch:,8800,Training Loss:,8.61136113178562, Learning rate:,8.063611874999999e-05, Number of training points (boundary):,3498, Number of training points (interior):,24998, VRAM allocated:,93068288, VRAM reserved:,29100081152
Epoch:,8900,Training Loss:,8.611358425035135, Learning rate:,8.063611874999999e-05, Number of training points (boundary):,3498, Number of training points (interior):,24998, VRAM allocated:,93068288, VRAM reserved:,29100081152
Epoch:,9000,Training Loss:,8.61135571887851, Learning rate:,8.063611874999999e-05, Number of training points (boundary):,3498, Number of training points (interior):,24998, VRAM allocated:,93068288, VRAM reserved:,29100081152
Epoch:,9100,Training Loss:,8.611353013315528, Learning rate:,8.063611874999999e-05, Number of training points (boundary):,3498, Number of training points (interior):,24998, VRAM allocated:,93068288, VRAM reserved:,29100081152
Epoch:,9200,Training Loss:,8.61135030834597, Learning rate:,8.063611874999999e-05, Number of training points (boundary):,3498, Number of training points (interior):,24998, VRAM allocated:,93068288, VRAM reserved:,29100081152
Epoch:,9300,Training Loss:,8.611347603969612, Learning rate:,8.063611874999999e-05, Number of training points (boundary):,3498, Number of training points (interior):,24998, VRAM allocated:,93068288, VRAM reserved:,29100081152
Epoch:,9400,Training Loss:,8.61134490018624, Learning rate:,8.063611874999999e-05, Number of training points (boundary):,3498, Number of training points (interior):,24998, VRAM allocated:,93068288, VRAM reserved:,29100081152
Epoch:,9500,Training Loss:,8.611342196995631, Learning rate:,8.063611874999999e-05, Number of training points (boundary):,3498, Number of training points (interior):,24998, VRAM allocated:,93068288, VRAM reserved:,29100081152
Epoch:,9600,Training Loss:,8.611339494397567, Learning rate:,8.063611874999999e-05, Number of training points (boundary):,3498, Number of training points (interior):,24998, VRAM allocated:,93068288, VRAM reserved:,29100081152
Epoch:,9700,Training Loss:,8.611336792391828, Learning rate:,8.063611874999999e-05, Number of training points (boundary):,3498, Number of training points (interior):,24998, VRAM allocated:,93068288, VRAM reserved:,29100081152
Epoch:,9800,Training Loss:,8.611334090978197, Learning rate:,8.063611874999999e-05, Number of training points (boundary):,3498, Number of training points (interior):,24998, VRAM allocated:,93068288, VRAM reserved:,29100081152
Epoch:,9900,Training Loss:,8.611331390156455, Learning rate:,8.063611874999999e-05, Number of training points (boundary):,3498, Number of training points (interior):,24998, VRAM allocated:,93068288, VRAM reserved:,29100081152
Epoch:,10000,Training Loss:,8.611328689926383, Learning rate:,8.063611874999999e-05, Number of training points (boundary):,3498, Number of training points (interior):,24998, VRAM allocated:,93068288, VRAM reserved:,29100081152
Epoch:,10100,Training Loss:,8.61132599028776, Learning rate:,8.063611874999999e-05, Number of training points (boundary):,3498, Number of training points (interior):,24998, VRAM allocated:,93068288, VRAM reserved:,29100081152
Epoch:,10200,Training Loss:,8.61132329124037, Learning rate:,8.063611874999999e-05, Number of training points (boundary):,3498, Number of training points (interior):,24998, VRAM allocated:,93068288, VRAM reserved:,29100081152
Epoch:,10300,Training Loss:,8.611320592783995, Learning rate:,8.063611874999999e-05, Number of training points (boundary):,3498, Number of training points (interior):,24998, VRAM allocated:,93068288, VRAM reserved:,29100081152
Epoch:,10400,Training Loss:,8.611317894918415, Learning rate:,8.063611874999999e-05, Number of training points (boundary):,3498, Number of training points (interior):,24998, VRAM allocated:,93068288, VRAM reserved:,29100081152
Epoch:,10500,Training Loss:,8.611315197643412, Learning rate:,8.063611874999999e-05, Number of training points (boundary):,3498, Number of training points (interior):,24998, VRAM allocated:,93068288, VRAM reserved:,29100081152
Epoch:,10600,Training Loss:,8.61131250095877, Learning rate:,8.063611874999999e-05, Number of training points (boundary):,3498, Number of training points (interior):,24998, VRAM allocated:,93068288, VRAM reserved:,29100081152
